Timestamp,PID,ProcessName,CPU_Percent,WorkingSet_MB,PrivateMemory_MB
2026-09-02 14:50:03,13212,node,0.45,59.73,63.29
2026-09-02 14:50:06,13212,node,0.45,59.73,63.29
2026-09-02 14:50:09,13212,node,0.45,59.73,63.29
2026-09-02 14:50:13,13212,node,0.45,59.73,63.29
2026-09-02 14:50:16,13212,node,0.45,59.88,63.29
2026-09-02 14:50:19,13212,node,0.45,60.03,63.29
2026-09-02 14:50:22,13212,node,0.45,60.45,63.55
2026-09-02 14:50:26,13212,node,0.45,60.65,63.55
2026-09-02 14:50:29,13212,node,0.45,59.93,63.55
2026-09-02 14:50:32,13212,node,0.45,60.15,63.55
2026-09-02 14:50:35,13212,node,0.45,60.27,63.55
2026-09-02 14:50:38,13212,node,0.45,60.15,63.46
2026-09-02 14:50:42,13212,node,0.45,60.27,63.46
2026-09-02 14:50:45,13212,node,0.5,60.46,63.46
2026-09-02 14:50:48,13212,node,0.53,60.43,63.46
2026-09-02 14:50:51,13212,node,0.56,60.8,63.73
2026-09-02 14:50:55,13212,node,0.61,60.95,63.73
2026-09-02 14:50:58,13212,node,0.62,61.02,63.98
2026-09-02 14:51:01,13212,node,0.66,61.54,65.1
2026-09-02 14:51:05,13212,node,0.67,61.63,64.5
2026-09-02 14:51:08,13212,node,0.7,61.68,64.75
2026-09-02 14:51:11,13212,node,0.7,61.86,65.01
2026-09-02 14:51:14,13212,node,0.77,62.18,65.61
2026-09-02 14:51:18,13212,node,0.81,62.27,65.86
2026-09-02 14:51:21,13212,node,0.83,62.67,66.12
2026-09-02 14:51:24,13212,node,0.89,62.73,66.38
2026-09-02 14:51:28,13212,node,0.91,62.93,66.64
2026-09-02 14:51:31,13212,node,0.94,63.17,66.9
2026-09-02 14:51:34,13212,node,1,63.51,66.9
2026-09-02 14:51:38,13212,node,1.03,63.99,67.68
2026-09-02 14:51:41,13212,node,1.08,64.26,67.95
2026-09-02 14:51:44,13212,node,1.11,64.66,68.2
2026-09-02 14:51:48,13212,node,1.17,65.11,68.72
2026-09-02 14:51:51,13212,node,1.27,65.5,68.98
2026-09-02 14:51:54,13212,node,1.33,65.76,69.23
2026-09-02 14:51:58,13212,node,1.36,65.95,69.49
2026-09-02 14:52:01,13212,node,1.42,66.2,70.01
2026-09-02 14:52:05,13212,node,1.5,66.76,70.27
2026-09-02 14:52:08,13212,node,1.5,66.88,71.1
2026-09-02 14:52:11,13212,node,1.55,66.88,71.1
2026-09-02 14:52:15,13212,node,1.59,66.75,70.27
2026-09-02 14:52:18,13212,node,1.64,66.86,70.46
2026-09-02 14:52:22,13212,node,1.72,66.87,70.47
2026-09-02 14:52:25,13212,node,1.88,66.88,70.48
2026-09-02 14:52:28,13212,node,1.97,66.61,70.05
2026-09-02 14:52:32,13212,node,2.02,67.23,71.69
2026-09-02 14:52:35,13212,node,2.03,67.2,71.73
2026-09-02 14:52:39,13212,node,2.12,66.95,70.51
2026-09-02 14:52:42,13212,node,2.19,67.17,70.79
2026-09-02 14:52:46,13212,node,2.22,67.2,70.79
2026-09-02 14:52:49,13212,node,2.27,67.23,71.03
2026-09-02 14:52:53,13212,node,2.34,67.27,71.13
2026-09-02 14:52:56,13212,node,2.41,67.27,71.13
2026-09-02 14:52:59,13212,node,2.47,67.53,71.34
2026-09-02 14:53:03,13212,node,2.53,67.08,70.49
2026-09-02 14:53:06,13212,node,2.58,67.43,70.82
2026-09-02 14:53:10,13212,node,2.58,67.82,71.62
2026-09-02 14:53:13,13212,node,2.61,68.24,71.38
2026-09-02 14:53:17,13212,node,2.64,68.62,71.84
2026-09-02 14:53:20,13212,node,2.64,69.12,72.35
2026-09-02 14:53:24,13212,node,2.81,69.55,72.66
2026-09-02 14:53:27,13212,node,2.84,69.71,72.68
2026-09-02 14:53:31,13212,node,2.88,70.18,74.14
2026-09-02 14:53:34,13212,node,2.94,70.21,74.15
2026-09-02 14:53:38,13212,node,3.05,69.95,72.84
2026-09-02 14:53:42,13212,node,3.08,70.32,73.52
2026-09-02 14:53:45,13212,node,3.12,70.33,73.53
2026-09-02 14:53:49,13212,node,3.16,70.51,73.59
2026-09-02 14:53:52,13212,node,3.17,70.26,73.35
2026-09-02 14:53:56,13212,node,3.25,70.28,73.35
2026-09-02 14:53:59,13212,node,3.27,70.29,74.46
2026-09-02 14:54:03,13212,node,3.33,70.45,74.46
2026-09-02 14:54:06,13212,node,3.38,70.46,74.46
2026-09-02 14:54:10,13212,node,3.44,70.48,74.46
2026-09-02 14:54:14,13212,node,3.44,70.48,74.46
2026-09-02 14:54:17,13212,node,3.52,70.48,74.46
2026-09-02 14:54:21,13212,node,3.58,70.48,74.46
2026-09-02 14:54:24,13212,node,3.62,70.51,74.46
2026-09-02 14:54:28,13212,node,3.64,70.51,74.46
2026-09-02 14:54:31,13212,node,3.73,70.37,73.19
2026-09-02 14:54:35,13212,node,3.78,70.4,73.22
2026-09-02 14:54:39,13212,node,3.83,70.46,73.59
2026-09-02 14:54:42,13212,node,3.94,70.71,73.59
2026-09-02 14:54:46,13212,node,4.06,70.62,73.73
2026-09-02 14:54:49,13212,node,4.17,70.62,74.62
2026-09-02 14:54:53,13212,node,4.2,70.7,74.76
2026-09-02 14:54:57,13212,node,4.25,70.71,74.76
2026-09-02 14:55:00,13212,node,4.28,70.78,74.88
2026-09-02 14:55:04,13212,node,4.3,70.95,74.89
2026-09-02 14:55:07,13212,node,4.33,70.52,73.61
2026-09-02 14:55:11,13212,node,4.39,71.13,74.87
2026-09-02 14:55:15,13212,node,4.41,71.13,74.87
2026-09-02 14:55:18,13212,node,4.47,71.14,74.87
2026-09-02 14:55:22,13212,node,4.52,71.2,74.87
2026-09-02 14:55:26,13212,node,4.56,71.21,74.89
2026-09-02 14:55:29,13212,node,4.62,71.21,74.89
2026-09-02 14:55:33,13212,node,4.67,70.64,73.61
2026-09-02 14:55:36,13212,node,4.72,71.18,74.43
2026-09-02 14:55:40,13212,node,4.75,71.33,75.34
2026-09-02 14:55:44,13212,node,4.78,71.33,75.34
2026-09-02 14:55:47,13212,node,4.83,71.33,75.34
2026-09-02 14:55:51,13212,node,4.86,71.33,75.34
2026-09-02 14:55:54,13212,node,4.91,71.33,75.34
2026-09-02 14:55:58,13212,node,4.92,71.33,75.34
2026-09-02 14:56:02,13212,node,4.98,71.39,75.34
2026-09-02 14:56:05,13212,node,5.02,71.55,75.34
2026-09-02 14:56:09,13212,node,5.05,71.55,75.34
2026-09-02 14:56:12,13212,node,5.17,71.07,74.38
2026-09-02 14:56:16,13212,node,5.25,71.25,74.56
2026-09-02 14:56:20,13212,node,5.31,71.27,74.59
2026-09-02 14:56:23,13212,node,5.33,71.2,75.3
2026-09-02 14:56:27,13212,node,5.38,71.2,75.3
2026-09-02 14:56:31,13212,node,5.41,71.21,75.31
2026-09-02 14:56:34,13212,node,5.47,71.22,75.33
2026-09-02 14:56:38,13212,node,5.55,71.25,75.35
2026-09-02 14:56:42,13212,node,5.56,71.41,75.48
2026-09-02 14:56:45,13212,node,5.58,71.45,75.54
2026-09-02 14:56:49,13212,node,5.64,71.45,76.56
2026-09-02 14:56:53,13212,node,5.73,71.45,76.56
2026-09-02 14:56:56,13212,node,5.78,71.47,76.58
2026-09-02 14:57:00,13212,node,5.84,71.47,76.58
2026-09-02 14:57:04,13212,node,5.91,71.49,76.6
2026-09-02 14:57:07,13212,node,6.06,71.12,74.04
2026-09-02 14:57:11,13212,node,6.14,71.32,74.4
2026-09-02 14:57:15,13212,node,6.17,71.32,74.4
2026-09-02 14:57:18,13212,node,6.2,71.33,74.41
2026-09-02 14:57:22,13212,node,6.2,71.33,74.41
2026-09-02 14:57:26,13212,node,6.25,71.33,74.41
2026-09-02 14:57:29,13212,node,6.31,71.33,74.41
2026-09-02 14:57:33,13212,node,6.31,71.33,74.41
2026-09-02 14:57:37,13212,node,6.38,70.91,73.82
2026-09-02 14:57:40,13212,node,6.44,70.91,73.82
2026-09-02 14:57:44,13212,node,6.44,70.91,73.82
2026-09-02 14:57:47,13212,node,6.45,70.91,73.82
2026-09-02 14:57:51,13212,node,6.52,70.95,74.43
2026-09-02 14:57:54,13212,node,6.55,70.95,74.43
2026-09-02 14:57:58,13212,node,6.58,70.95,74.43
2026-09-02 14:58:01,13212,node,6.61,70.95,74.43
2026-09-02 14:58:05,13212,node,6.61,70.98,74.49
2026-09-02 14:58:08,13212,node,6.61,70.98,74.49
2026-09-02 14:58:12,13212,node,6.62,71.19,74.64
2026-09-02 14:58:15,13212,node,6.62,71.19,74.64
2026-09-02 14:58:19,13212,node,6.64,71.2,74.65
2026-09-02 14:58:22,13212,node,6.66,71.2,74.65
2026-09-02 14:58:26,13212,node,6.66,71.2,74.65
2026-09-02 14:58:29,13212,node,6.66,71.2,74.65
2026-09-02 14:58:33,13212,node,6.66,71.2,74.65
2026-09-02 14:58:36,13212,node,6.66,71.2,74.65
2026-09-02 14:58:40,13212,node,6.66,71.2,74.65
2026-09-02 14:58:43,13212,node,6.66,71.2,74.65
2026-09-02 14:58:47,13212,node,6.66,71.2,74.65
2026-09-02 14:58:50,13212,node,6.66,71.2,74.65
2026-09-02 14:58:53,13212,node,6.66,71.2,74.65
2026-09-02 14:58:57,13212,node,6.66,71.2,74.65
2026-09-02 14:59:00,13212,node,6.66,71.2,74.65
2026-09-02 14:59:03,13212,node,6.66,71.2,74.65
2026-09-02 14:59:07,13212,node,6.66,71.2,74.65
